{"cameraMode":{"drawMode":0,"name":"Shaded","section":"Shading Mode"},"sceneLighting":false,"audioPlay":false,"sceneViewState":{"showFog":false,"showMaterialUpdate":false,"showSkybox":false,"showFlares":false,"showImageEffects":false,"showParticleSystems":false},"in2DMode":false,"pivot":{"x":17.06473159790039,"y":-4.774158477783203,"z":-3.7260665893554689},"rotation":{"x":0.0461774505674839,"y":0.9492180943489075,"z":-0.26270395517349245,"w":0.166851207613945},"size":31.863195419311525,"orthographic":false}