{"cameraMode":{"drawMode":0,"name":"Shaded","section":"Shading Mode"},"sceneLighting":false,"audioPlay":false,"sceneViewState":{"showFog":false,"showMaterialUpdate":false,"showSkybox":false,"showFlares":false,"showImageEffects":false,"showParticleSystems":false},"in2DMode":false,"pivot":{"x":5.338708877563477,"y":-5.813667297363281,"z":-3.2645645141601564},"rotation":{"x":-0.8916162848472595,"y":0.0928666815161705,"z":-0.21309402585029603,"w":-0.38857075572013857},"size":92.89390563964844,"orthographic":false}