{"cameraMode":{"drawMode":0,"name":"Shaded","section":"Shading Mode"},"sceneLighting":false,"audioPlay":false,"sceneViewState":{"showFog":false,"showMaterialUpdate":false,"showSkybox":false,"showFlares":false,"showImageEffects":false,"showParticleSystems":false},"in2DMode":false,"pivot":{"x":25.775775909423829,"y":-2.5404653549194338,"z":-1.5288197994232178},"rotation":{"x":-0.1467493325471878,"y":0.8351604342460632,"z":-0.26798564195632937,"w":-0.4573352038860321},"size":7.48557186126709,"orthographic":false}